,Invoice ID,Time,Month
0,750-67-8428,Noon,Januvary
1,226-31-3081,Morning,March
2,631-41-3108,Noon,March
3,123-19-1176,Night,Januvary
4,373-73-7910,Morning,Februvary
5,699-14-3026,Evening,March
6,355-53-5943,Noon,Februvary
7,315-22-5665,Morning,Februvary
8,665-32-9167,Evening,Januvary
9,692-92-5582,Noon,Februvary
10,351-62-0822,Evening,Februvary
11,529-56-3974,Evening,March
12,365-64-0515,Morning,Februvary
13,252-56-2699,Evening,Februvary
14,829-34-3910,Night,March
15,299-46-1805,Evening,Januvary
16,656-95-9349,Morning,March
17,765-26-6951,Morning,Januvary
18,329-62-1586,Evening,Januvary
19,319-50-3348,Noon,March
20,300-71-4605,Morning,Februvary
21,371-85-5789,Morning,March
22,273-16-6619,Noon,March
23,636-48-8204,Morning,Februvary
24,549-59-1358,Evening,March
25,227-03-5010,Night,March
26,649-29-6775,Noon,Februvary
27,189-17-4241,Noon,March
28,145-94-9061,Night,Januvary
29,848-62-7243,Noon,March
30,871-79-8483,Night,Februvary
31,149-71-6266,Noon,Januvary
32,640-49-2076,Noon,Januvary
33,595-11-5460,Morning,March
34,183-56-6882,Morning,Februvary
35,232-16-2483,Noon,Januvary
36,129-29-8530,Night,March
37,272-65-1806,Evening,Januvary
38,333-73-7901,Noon,March
39,777-82-7220,Noon,March
40,280-35-5823,Evening,Januvary
41,554-53-8700,Morning,Februvary
42,354-25-5821,Noon,Februvary
43,228-96-1411,Night,March
44,617-15-4209,Night,March
45,132-32-9879,Evening,March
46,370-41-7321,Evening,Februvary
47,727-46-3608,Noon,Februvary
48,669-54-1719,Noon,Februvary
49,574-22-5561,Evening,March
50,326-78-5178,Morning,Februvary
51,162-48-8011,Noon,Februvary
52,616-24-2851,Noon,March
53,778-71-5554,Noon,Januvary
54,242-55-6721,Morning,March
55,399-46-5918,Night,Februvary
56,106-35-6779,Morning,March
57,635-40-6220,Morning,Februvary
58,817-48-8732,Noon,Januvary
59,120-06-4233,Night,March
60,285-68-5083,Evening,Februvary
61,803-83-5989,Morning,Februvary
62,347-34-2234,Noon,Februvary
63,199-75-8169,Noon,March
64,853-23-2453,Noon,Februvary
65,877-22-3308,Evening,March
66,838-78-4295,Noon,Februvary
67,109-28-2512,Noon,Januvary
68,232-11-3025,Morning,Januvary
69,382-03-4532,Evening,Februvary
70,393-65-2792,Noon,Januvary
71,796-12-2025,Evening,Februvary
72,510-95-6347,Evening,March
73,841-35-6630,Evening,March
74,287-21-9091,Morning,Januvary
75,732-94-0499,Evening,Januvary
76,263-10-3913,Noon,Januvary
77,381-20-0914,Noon,Januvary
78,829-49-1914,Evening,March
79,756-01-7507,Evening,Januvary
80,870-72-4431,Noon,Januvary
81,847-38-7188,Night,Januvary
82,480-63-2856,Evening,Januvary
83,787-56-0757,Evening,Februvary
84,360-39-5055,Morning,March
85,730-50-9884,Noon,March
86,362-58-8315,Morning,March
87,633-44-8566,Night,March
88,504-35-8843,Evening,Januvary
89,318-68-5053,Evening,Februvary
90,565-80-5980,Morning,Januvary
91,225-32-0908,Night,Januvary
92,873-51-0671,Evening,Januvary
93,152-08-9985,Noon,March
94,512-91-0811,Night,Februvary
95,594-34-4444,Night,March
96,766-85-7061,Morning,March
97,871-39-9221,Noon,Februvary
98,865-92-6136,Morning,March
99,733-01-9107,Evening,March
100,163-56-7055,Night,March
101,189-98-2939,Noon,March
102,551-21-3069,Morning,Februvary
103,212-62-1842,Evening,March
104,716-39-1409,Evening,March
105,704-48-3927,Noon,Januvary
106,628-34-3388,Night,Januvary
107,630-74-5166,Night,March
108,588-01-7461,Morning,March
109,861-77-0145,Noon,March
110,479-26-8945,Morning,Februvary
111,210-67-5886,Morning,Februvary
112,227-78-1148,Noon,Februvary
113,645-44-1170,Night,Januvary
114,237-01-6122,Night,Februvary
115,225-98-1496,Noon,March
116,291-32-1427,Noon,March
117,659-65-8956,Noon,Januvary
118,642-32-2990,Night,Februvary
119,378-24-2715,Night,Januvary
120,638-60-7125,Evening,Februvary
121,659-36-1684,Noon,Januvary
122,219-22-9386,Evening,March
123,336-78-2147,Night,March
124,268-27-6179,Noon,March
125,668-90-8900,Evening,March
126,870-54-3162,Noon,Januvary
127,189-08-9157,Evening,Januvary
128,663-86-9076,Noon,Januvary
129,549-84-7482,Morning,Februvary
130,191-10-6171,Noon,Januvary
131,802-70-5316,Night,March
132,695-51-0018,Evening,Februvary
133,590-83-4591,Noon,Februvary
134,483-71-1164,Evening,March
135,597-78-7908,Night,Februvary
136,700-81-1757,Night,Januvary
137,354-39-5160,Noon,Februvary
138,241-72-9525,Noon,Februvary
139,575-30-8091,Night,March
140,731-81-9469,Noon,Januvary
141,280-17-4359,Noon,Januvary
142,338-65-2210,Night,Februvary
143,488-25-4221,Morning,Februvary
144,239-10-7476,Evening,Januvary
145,458-41-1477,Evening,March
146,685-64-1609,Noon,Februvary
147,568-90-5112,Noon,March
148,262-47-2794,Noon,March
149,238-49-0436,Noon,March
150,608-96-3517,Night,March
151,584-86-7256,Evening,March
152,746-94-0204,Morning,Januvary
153,214-17-6927,Evening,Februvary
154,400-89-4171,Noon,Januvary
155,782-95-9291,Noon,Februvary
156,279-74-2924,Night,Januvary
157,307-85-2293,Noon,March
158,743-04-1105,Noon,March
159,423-57-2993,Night,March
160,894-41-5205,Night,Januvary
161,275-28-0149,Evening,Februvary
162,101-17-6199,Night,March
163,423-80-0988,Night,Januvary
164,548-46-9322,Noon,Februvary
165,505-02-0892,Noon,Februvary
166,234-65-2137,Noon,Januvary
167,687-47-8271,Evening,Februvary
168,796-32-9050,Evening,Januvary
169,105-31-1824,Noon,Februvary
170,249-42-3782,Morning,Januvary
171,316-55-4634,Noon,Januvary
172,733-33-4967,Night,March
173,608-27-6295,Evening,Januvary
174,414-12-7047,Noon,Januvary
175,827-26-2100,Evening,March
176,175-54-2529,Evening,March
177,139-52-2867,Morning,Februvary
178,407-63-8975,Night,March
179,342-65-4817,Evening,Januvary
180,130-98-8941,Morning,Februvary
181,434-83-9547,Morning,Januvary
182,851-28-6367,Morning,March
183,824-88-3614,Noon,Januvary
184,586-25-0848,Morning,March
185,895-66-0685,Night,March
186,305-14-0245,Night,March
187,732-04-5373,Morning,Februvary
188,400-60-7251,Noon,Februvary
189,593-65-1552,Night,Januvary
190,284-34-9626,Morning,Februvary
191,437-58-8131,Noon,Januvary
192,286-43-6208,Night,March
193,641-43-2399,Night,Januvary
194,831-07-6050,Morning,March
195,556-86-3144,Night,Januvary
196,848-24-9445,Evening,March
197,856-22-8149,Morning,March
198,699-01-4164,Night,March
199,420-11-4919,Night,Februvary
200,606-80-4905,Morning,Januvary
201,542-41-0513,Morning,March
202,426-39-2418,Morning,Januvary
203,875-46-5808,Noon,Februvary
204,394-43-4238,Noon,Februvary
205,749-24-1565,Noon,Januvary
206,672-51-8681,Evening,Januvary
207,263-87-5680,Evening,March
208,573-58-9734,Noon,March
209,817-69-8206,Night,March
210,888-02-0338,Night,Januvary
211,677-11-0152,Evening,Januvary
212,142-63-6033,Night,March
213,656-16-1063,Noon,Januvary
214,891-58-8335,Noon,March
215,802-43-8934,Noon,March
216,560-30-5617,Evening,March
217,319-74-2561,Evening,Februvary
218,549-03-9315,Noon,Februvary
219,790-29-1172,Evening,March
220,239-36-3640,Noon,Januvary
221,468-01-2051,Noon,March
222,389-25-3394,Evening,Februvary
223,279-62-1445,Noon,Februvary
224,213-72-6612,Noon,March
225,746-68-6593,Noon,Januvary
226,836-82-5858,Night,Januvary
227,583-72-1480,Evening,Januvary
228,466-61-5506,Morning,Februvary
229,721-86-6247,Noon,March
230,289-65-5721,Night,Januvary
231,545-46-3100,Noon,March
232,418-02-5978,Morning,Februvary
233,269-04-5750,Evening,Februvary
234,157-13-5295,Evening,March
235,645-78-8093,Evening,Januvary
236,211-30-9270,Noon,Januvary
237,755-12-3214,Evening,March
238,346-84-3103,Night,March
239,478-06-7835,Morning,Januvary
240,540-11-4336,Evening,Januvary
241,448-81-5016,Noon,March
242,142-72-4741,Evening,Februvary
243,217-58-1179,Morning,Januvary
244,376-02-8238,Evening,Februvary
245,530-90-9855,Noon,Januvary
246,866-05-7563,Night,Februvary
247,604-70-6476,Noon,Januvary
248,799-71-1548,Evening,Januvary
249,785-13-7708,Night,Januvary
250,845-51-0542,Noon,Februvary
251,662-47-5456,Night,March
252,883-17-4236,Night,March
253,290-68-2984,Morning,March
254,704-11-6354,Morning,Januvary
255,110-48-7033,Noon,Januvary
256,366-93-0948,Morning,Januvary
257,729-09-9681,Morning,Februvary
258,151-16-1484,Noon,Februvary
259,380-94-4661,Noon,Februvary
260,850-41-9669,Noon,March
261,821-07-3596,Noon,March
262,655-85-5130,Night,March
263,447-15-7839,Morning,Februvary
264,154-74-7179,Night,Februvary
265,253-12-6086,Noon,March
266,808-65-0703,Evening,March
267,571-94-0759,Night,Januvary
268,144-51-6085,Evening,Januvary
269,731-14-2199,Noon,Januvary
270,783-09-1637,Evening,March
271,687-15-1097,Night,Januvary
272,126-54-1082,Morning,Januvary
273,633-91-1052,Noon,Januvary
274,477-24-6490,Evening,Februvary
275,566-19-5475,Night,Januvary
276,526-86-8552,Evening,Januvary
277,376-56-3573,Noon,Februvary
278,537-72-0426,Evening,March
279,828-61-5674,Night,March
280,136-08-6195,Evening,Februvary
281,523-38-0215,Noon,March
282,490-29-1201,Morning,Januvary
283,667-92-0055,Noon,March
284,565-17-3836,Noon,March
285,498-41-1961,Evening,Februvary
286,593-95-4461,Noon,March
287,226-71-3580,Noon,Januvary
288,283-79-9594,Noon,Januvary
289,430-60-3493,Noon,Februvary
290,139-20-0155,Evening,Januvary
291,558-80-4082,Evening,March
292,278-97-7759,Night,Februvary
293,316-68-6352,Morning,Januvary
294,585-03-5943,Morning,March
295,211-05-0490,Noon,March
296,727-75-6477,Noon,March
297,744-02-5987,Noon,Januvary
298,307-83-9164,Noon,Januvary
299,779-06-0012,Morning,Januvary
300,446-47-6729,Evening,Januvary
301,573-10-3877,Evening,March
302,735-06-4124,Noon,Februvary
303,439-54-7422,Evening,March
304,396-90-2219,Noon,Februvary
305,411-77-0180,Night,March
306,286-01-5402,Noon,March
307,803-17-8013,Evening,Februvary
308,512-98-1403,Morning,March
309,848-42-2560,Evening,March
310,532-59-7201,Noon,Januvary
311,181-94-6432,Night,Februvary
312,870-76-1733,Morning,Februvary
313,423-64-4619,Noon,March
314,227-07-4446,Night,Februvary
315,174-36-3675,Evening,Februvary
316,428-83-5800,Morning,Februvary
317,603-07-0961,Morning,Januvary
318,704-20-4138,Evening,March
319,787-15-1757,Evening,Februvary
320,649-11-3678,Night,Februvary
321,622-20-1945,Noon,Januvary
322,372-94-8041,Evening,Februvary
323,563-91-7120,Noon,March
324,746-54-5508,Noon,Januvary
325,276-54-0879,Night,March
326,815-11-1168,Night,March
327,719-76-3868,Evening,March
328,730-61-8757,Morning,Januvary
329,340-66-0321,Noon,March
330,868-81-1752,Evening,Februvary
331,634-97-8956,Evening,Februvary
332,566-71-1091,Noon,Februvary
333,442-48-3607,Morning,March
334,835-16-0096,Noon,March
335,527-09-6272,Morning,March
336,898-04-2717,Noon,March
337,692-27-8933,Noon,Februvary
338,633-09-3463,Noon,March
339,374-17-3652,Noon,Februvary
340,378-07-7001,Evening,Februvary
341,433-75-6987,Night,March
342,873-95-4984,Night,Februvary
343,416-13-5917,Evening,Januvary
344,150-89-8043,Noon,Februvary
345,135-84-8019,Evening,Februvary
346,441-94-7118,Noon,Februvary
347,725-96-3778,Morning,Januvary
348,531-80-1784,Evening,March
349,400-45-1220,Morning,Februvary
350,860-79-0874,Noon,Februvary
351,834-61-8124,Evening,Januvary
352,115-99-4379,Night,March
353,565-67-6697,Noon,March
354,320-49-6392,Noon,March
355,889-04-9723,Noon,Januvary
356,632-90-0281,Night,March
357,554-42-2417,Noon,Januvary
358,453-63-6187,Noon,March
359,578-80-7669,Evening,March
360,612-36-5536,Morning,Februvary
361,605-72-4132,Noon,Februvary
362,471-41-2823,Night,March
363,462-67-9126,Evening,Januvary
364,272-27-9238,Evening,Februvary
365,834-25-9262,Noon,Januvary
366,122-61-9553,Night,March
367,468-88-0009,Morning,March
368,613-59-9758,Noon,Januvary
369,254-31-0042,Noon,March
370,201-86-2184,Night,Februvary
371,261-12-8671,Night,Januvary
372,730-70-9830,Evening,March
373,382-25-8917,Noon,Januvary
374,422-29-8786,Evening,Januvary
375,667-23-5919,Noon,Januvary
376,843-01-4703,Night,Januvary
377,743-88-1662,Evening,Februvary
378,595-86-2894,Evening,Februvary
379,182-69-8360,Noon,Januvary
380,289-15-7034,Morning,Januvary
381,462-78-5240,Noon,March
382,868-52-7573,Noon,Januvary
383,153-58-4872,Noon,March
384,662-72-2873,Noon,Januvary
385,525-88-7307,Noon,Januvary
386,689-16-9784,Noon,March
387,725-56-0833,Evening,Februvary
388,394-41-0748,Noon,Januvary
389,596-42-3999,Noon,March
390,541-89-9860,Noon,Februvary
391,173-82-9529,Noon,Januvary
392,563-36-9814,Evening,Februvary
393,308-47-4913,Noon,March
394,885-17-6250,Morning,March
395,726-27-2396,Night,Januvary
396,316-01-3952,Noon,March
397,760-54-1821,Morning,March
398,793-10-3222,Noon,March
399,346-12-3257,Evening,March
400,110-05-6330,Night,March
401,651-61-0874,Night,March
402,236-86-3015,Noon,Februvary
403,831-64-0259,Morning,Februvary
404,587-03-7455,Evening,Februvary
405,882-40-4577,Noon,Januvary
406,732-67-5346,Night,Januvary
407,725-32-9708,Night,Januvary
408,256-08-8343,Night,March
409,372-26-1506,Night,Januvary
410,244-08-0162,Noon,Januvary
411,569-71-4390,Noon,Januvary
412,132-23-6451,Noon,Januvary
413,696-90-2548,Evening,March
414,472-15-9636,Night,March
415,268-03-6164,Evening,Januvary
416,750-57-9686,Noon,Januvary
417,186-09-3669,Morning,Januvary
418,848-07-1692,Evening,Januvary
419,745-71-3520,Morning,Februvary
420,266-76-6436,Noon,March
421,740-22-2500,Noon,Januvary
422,271-88-8734,Noon,Februvary
423,301-81-8610,Night,March
424,489-64-4354,Noon,March
425,198-84-7132,Noon,Januvary
426,269-10-8440,Evening,Januvary
427,650-98-6268,Noon,March
428,741-73-3559,Evening,Februvary
429,325-77-6186,Morning,March
430,286-75-7818,Night,Januvary
431,574-57-9721,Evening,March
432,459-50-7686,Night,Januvary
433,616-87-0016,Noon,March
434,837-55-7229,Evening,Februvary
435,751-69-0068,Night,March
436,257-73-1380,Evening,Januvary
437,345-08-4992,Noon,March
438,549-96-4200,Night,March
439,810-60-6344,Noon,Februvary
440,450-28-2866,Night,Januvary
441,394-30-3170,Night,March
442,138-17-5109,Noon,Januvary
443,192-98-7397,Noon,Januvary
444,301-11-9629,Morning,Januvary
445,390-80-5128,Evening,Januvary
446,235-46-8343,Morning,Februvary
447,453-12-7053,Evening,March
448,296-11-7041,Night,Januvary
449,449-27-2918,Morning,March
450,891-01-7034,Night,Januvary
451,744-09-5786,Evening,Januvary
452,727-17-0390,Noon,March
453,568-88-3448,Noon,March
454,187-83-5490,Noon,Januvary
455,767-54-1907,Evening,Februvary
456,710-46-4433,Noon,Februvary
457,533-33-5337,Night,Februvary
458,325-90-8763,Noon,Januvary
459,729-46-7422,Evening,Februvary
460,639-76-1242,Noon,Februvary
461,234-03-4040,Noon,March
462,326-71-2155,Morning,Februvary
463,320-32-8842,Evening,March
464,470-32-9057,Noon,March
465,878-30-2331,Morning,March
466,440-59-5691,Noon,Februvary
467,554-53-3790,Evening,March
468,746-19-0921,Morning,Februvary
469,233-34-0817,Morning,Februvary
470,767-05-1286,Noon,Januvary
471,340-21-9136,Morning,Januvary
472,405-31-3305,Evening,Februvary
473,731-59-7531,Evening,March
474,676-39-6028,Evening,March
475,502-05-1910,Night,Februvary
476,485-30-8700,Evening,March
477,598-47-9715,Evening,March
478,701-69-8742,Morning,March
479,575-67-1508,Morning,Januvary
480,541-08-3113,Night,Februvary
481,246-11-3901,Noon,Februvary
482,674-15-9296,Noon,Januvary
483,305-18-3552,Evening,Februvary
484,493-65-6248,Night,Januvary
485,438-01-4015,Noon,March
486,709-58-4068,Noon,Februvary
487,795-49-7276,Evening,March
488,556-72-8512,Night,Januvary
489,627-95-3243,Noon,Februvary
490,686-41-0932,Night,March
491,510-09-5628,Evening,March
492,608-04-3797,Night,March
493,148-82-2527,Noon,March
494,437-53-3084,Morning,Februvary
495,632-32-4574,Noon,March
496,556-97-7101,Noon,Januvary
497,862-59-8517,Morning,Januvary
498,401-18-8016,Evening,Januvary
499,420-18-8989,Noon,Februvary
500,277-63-2961,Noon,Februvary
501,573-98-8548,Noon,Januvary
502,620-02-2046,Night,Januvary
503,282-35-2475,Evening,March
504,511-54-3087,Evening,Februvary
505,726-29-6793,Night,Januvary
506,387-49-4215,Noon,Januvary
507,862-17-9201,Morning,Januvary
508,291-21-5991,Noon,March
509,602-80-9671,Evening,Februvary
510,347-72-6115,Evening,Januvary
511,209-61-0206,Evening,Januvary
512,595-27-4851,Evening,Januvary
513,189-52-0236,Noon,March
514,503-07-0930,Night,Februvary
515,413-20-6708,Noon,March
516,425-85-2085,Evening,March
517,521-18-7827,Night,Januvary
518,220-28-1851,Evening,March
519,600-38-9738,Noon,Januvary
520,734-91-1155,Morning,March
521,451-28-5717,Morning,March
522,609-81-8548,Noon,Februvary
523,133-14-7229,Morning,Januvary
524,534-01-4457,Noon,Januvary
525,719-89-8991,Evening,Februvary
526,286-62-6248,Night,Januvary
527,339-38-9982,Noon,Januvary
528,827-44-5872,Morning,Februvary
529,827-77-7633,Night,Februvary
530,287-83-1405,Night,Februvary
531,435-13-4908,Evening,Januvary
532,857-67-9057,Night,Februvary
533,236-27-1144,Morning,March
534,892-05-6689,Noon,March
535,583-41-4548,Morning,Februvary
536,339-12-4827,Morning,Januvary
537,643-38-7867,Morning,March
538,308-81-0538,Evening,Februvary
539,358-88-9262,Evening,Februvary
540,460-35-4390,Morning,Januvary
541,343-87-0864,Morning,Januvary
542,173-50-1108,Noon,Februvary
543,243-47-2663,Evening,Januvary
544,841-18-8232,Night,Januvary
545,701-23-5550,Noon,March
546,647-50-1224,Evening,Januvary
547,541-48-8554,Noon,Januvary
548,539-21-7227,Evening,Januvary
549,213-32-1216,Morning,Januvary
550,747-58-7183,Night,Februvary
551,582-52-8065,Morning,Februvary
552,210-57-1719,Noon,Februvary
553,399-69-4630,Morning,March
554,134-75-2619,Evening,March
555,356-44-8813,Noon,Januvary
556,198-66-9832,Night,Februvary
557,283-26-5248,Night,Januvary
558,712-39-0363,Noon,Januvary
559,218-59-9410,Evening,March
560,174-75-0888,Noon,March
561,866-99-7614,Noon,Februvary
562,134-54-4720,Noon,Januvary
563,760-90-2357,Noon,March
564,514-37-2845,Noon,March
565,698-98-5964,Noon,Januvary
566,718-57-9773,Evening,Februvary
567,651-88-7328,Noon,Januvary
568,241-11-2261,Morning,Januvary
569,408-26-9866,Evening,March
570,834-83-1826,Evening,Februvary
571,343-61-3544,Morning,Januvary
572,239-48-4278,Night,March
573,355-34-6244,Night,Januvary
574,550-84-8664,Noon,March
575,339-96-8318,Night,March
576,458-61-0011,Evening,Februvary
577,592-34-6155,Noon,Januvary
578,797-88-0493,Noon,March
579,207-73-1363,Noon,March
580,390-31-6381,Noon,Januvary
581,443-82-0585,Night,Februvary
582,339-18-7061,Noon,Februvary
583,359-90-3665,Evening,Januvary
584,375-72-3056,Noon,Januvary
585,127-47-6963,Noon,March
586,278-86-2735,Noon,March
587,695-28-6250,Evening,Februvary
588,379-17-6588,Morning,March
589,227-50-3718,Noon,March
590,302-15-2162,Morning,March
591,788-07-8452,Evening,Januvary
592,560-49-6611,Noon,Februvary
593,880-35-0356,Morning,Februvary
594,585-11-6748,Noon,March
595,470-31-3286,Morning,March
596,152-68-2907,Noon,Februvary
597,123-35-4896,Night,Februvary
598,258-69-7810,Evening,Januvary
599,334-64-2006,Noon,March
600,219-61-4139,Evening,Januvary
601,881-41-7302,Morning,Januvary
602,373-09-4567,Night,March
603,642-30-6693,Noon,March
604,484-22-8230,Night,Januvary
605,830-58-2383,Noon,Februvary
606,559-98-9873,Noon,Februvary
607,544-32-5024,Night,March
608,318-12-0304,Noon,Januvary
609,349-97-8902,Morning,Januvary
610,421-95-9805,Morning,Februvary
611,277-35-5865,Morning,March
612,789-23-8625,Morning,Januvary
613,284-54-4231,Evening,Januvary
614,443-59-0061,Morning,Februvary
615,509-29-3912,Noon,March
616,327-40-9673,Night,Januvary
617,840-19-2096,Evening,March
618,828-46-6863,Morning,Januvary
619,641-96-3695,Evening,Februvary
620,420-97-3340,Noon,March
621,436-54-4512,Night,March
622,670-79-6321,Noon,Januvary
623,852-62-7105,Morning,Januvary
624,598-06-7312,Noon,Februvary
625,135-13-8269,Evening,Januvary
626,816-57-2053,Noon,March
627,628-90-8624,Noon,March
628,856-66-2701,Noon,Januvary
629,308-39-1707,Evening,Januvary
630,149-61-1929,Noon,Januvary
631,655-07-2265,Evening,March
632,589-02-8023,Morning,Januvary
633,420-04-7590,Morning,March
634,182-88-2763,Night,March
635,188-55-0967,Noon,Januvary
636,610-46-4100,Night,March
637,318-81-2368,Noon,March
638,364-33-8584,Noon,March
639,665-63-9737,Evening,Februvary
640,695-09-5146,Night,Februvary
641,155-45-3814,Noon,March
642,794-32-2436,Noon,March
643,131-15-8856,Night,March
644,273-84-2164,Noon,Februvary
645,706-36-6154,Evening,Januvary
646,778-89-7974,Noon,March
647,574-31-8277,Night,March
648,859-71-0933,Noon,Januvary
649,740-11-5257,Evening,Februvary
650,369-82-2676,Evening,Januvary
651,563-47-4072,Morning,Januvary
652,742-04-5161,Evening,Februvary
653,149-15-7606,Noon,March
654,133-77-3154,Evening,Februvary
655,169-52-4504,Noon,March
656,250-81-7186,Morning,Februvary
657,562-12-5430,Morning,Januvary
658,816-72-8853,Noon,Januvary
659,491-38-3499,Evening,Februvary
660,322-02-2271,Morning,Februvary
661,842-29-4695,Noon,Januvary
662,725-67-2480,Evening,March
663,641-51-2661,Noon,Februvary
664,714-02-3114,Morning,Februvary
665,518-17-2983,Noon,Februvary
666,779-42-2410,Noon,Februvary
667,190-14-3147,Night,Februvary
668,408-66-6712,Noon,Februvary
669,679-22-6530,Morning,Januvary
670,588-47-8641,Night,Januvary
671,642-61-4706,Evening,March
672,576-31-4774,Noon,March
673,556-41-6224,Evening,Februvary
674,811-03-8790,Morning,March
675,242-11-3142,Night,Februvary
676,752-23-3760,Night,Februvary
677,274-05-5470,Evening,Februvary
678,648-94-3045,Noon,Februvary
679,130-67-4723,Noon,Januvary
680,528-87-5606,Night,Februvary
681,320-85-2052,Morning,Januvary
682,370-96-0655,Noon,Januvary
683,105-10-6182,Noon,Februvary
684,510-79-0415,Night,Januvary
685,241-96-5076,Noon,Januvary
686,767-97-4650,Morning,Januvary
687,648-83-1321,Evening,Januvary
688,173-57-2300,Noon,March
689,305-03-2383,Morning,Februvary
690,394-55-6384,Noon,Januvary
691,266-20-6657,Night,March
692,689-05-1884,Noon,March
693,196-01-2849,Noon,Februvary
694,372-62-5264,Noon,Januvary
695,800-09-8606,Night,Januvary
696,182-52-7000,Night,Januvary
697,826-58-8051,Night,Januvary
698,868-06-0466,Night,Februvary
699,751-41-9720,Evening,Januvary
700,626-43-7888,Noon,Februvary
701,176-64-7711,Night,March
702,191-29-0321,Evening,Februvary
703,729-06-2010,Morning,Januvary
704,640-48-5028,Noon,March
705,186-79-9562,Noon,March
706,834-45-5519,Night,Januvary
707,162-65-8559,Night,Januvary
708,760-27-5490,Night,Januvary
709,445-30-9252,Evening,Januvary
710,786-94-2700,Night,Februvary
711,728-88-7867,Noon,March
712,183-21-3799,Noon,Februvary
713,268-20-3585,Noon,Februvary
714,735-32-9839,Morning,Januvary
715,258-92-7466,Evening,Februvary
716,857-16-3520,Evening,March
717,482-17-1179,Noon,Januvary
718,788-21-5741,Noon,Februvary
719,821-14-9046,Noon,Januvary
720,418-05-0656,Night,Februvary
721,678-79-0726,Noon,Januvary
722,776-68-1096,Noon,March
723,592-46-1692,Night,Januvary
724,434-35-9162,Evening,Februvary
725,149-14-0304,Noon,Februvary
726,442-44-6497,Morning,Januvary
727,174-64-0215,Evening,March
728,210-74-9613,Noon,March
729,299-29-0180,Morning,March
730,247-11-2470,Evening,March
731,635-28-5728,Night,Februvary
732,756-49-0168,Morning,Februvary
733,438-23-1242,Morning,Januvary
734,238-45-6950,Night,March
735,607-65-2441,Noon,March
736,386-27-7606,Noon,March
737,137-63-5492,Noon,Januvary
738,197-77-7132,Evening,Januvary
739,805-86-0265,Morning,March
740,733-29-1227,Noon,March
741,451-73-2711,Noon,Januvary
742,373-14-0504,Noon,Februvary
743,546-80-2899,Noon,Februvary
744,345-68-9016,Evening,Januvary
745,390-17-5806,Evening,Februvary
746,457-13-1708,Night,Januvary
747,664-14-2882,Noon,Januvary
748,487-79-6868,Night,March
749,314-23-4520,Night,Januvary
750,210-30-7976,Morning,March
751,585-86-8361,Morning,Februvary
752,807-14-7833,Noon,Februvary
753,775-72-1988,Noon,Januvary
754,288-38-3758,Evening,Januvary
755,652-43-6591,Noon,March
756,785-96-0615,Noon,Februvary
757,406-46-7107,Morning,Januvary
758,250-17-5703,Evening,Februvary
759,156-95-3964,Noon,March
760,842-40-8179,Morning,Februvary
761,525-09-8450,Noon,Januvary
762,410-67-1709,Evening,Januvary
763,587-73-4862,Morning,March
764,787-87-2010,Noon,Januvary
765,593-14-4239,Night,March
766,801-88-0346,Night,Januvary
767,388-76-2555,Noon,Februvary
768,711-31-1234,Evening,March
769,886-54-6089,Evening,Januvary
770,707-32-7409,Morning,Februvary
771,759-98-4285,Night,Februvary
772,201-63-8275,Evening,Februvary
773,471-06-8611,Morning,Februvary
774,200-16-5952,Evening,Januvary
775,120-54-2248,Evening,Januvary
776,102-77-2261,Evening,March
777,875-31-8302,Noon,Januvary
778,102-06-2002,Evening,March
779,457-94-0464,Night,Januvary
780,629-42-4133,Night,Februvary
781,534-53-3526,Evening,Februvary
782,307-04-2070,Noon,Februvary
783,468-99-7231,Evening,March
784,516-77-6464,Noon,Februvary
785,404-91-5964,Evening,Februvary
786,886-77-9084,Morning,Februvary
787,790-38-4466,Morning,Januvary
788,704-10-4056,Morning,Januvary
789,497-37-6538,Noon,Januvary
790,651-96-5970,Night,March
791,400-80-4065,Night,Februvary
792,744-16-7898,Noon,Januvary
793,263-12-5321,Noon,Februvary
794,702-72-0487,Noon,Februvary
795,605-83-1050,Evening,March
796,443-60-9639,Noon,Januvary
797,864-24-7918,Noon,Februvary
798,359-94-5395,Morning,March
799,401-09-4232,Evening,Februvary
800,751-15-6198,Evening,Januvary
801,324-41-6833,Night,March
802,474-33-8305,Noon,March
803,759-29-9521,Morning,March
804,831-81-6575,Morning,Februvary
805,220-68-6701,Evening,March
806,618-34-8551,Evening,Januvary
807,257-60-7754,Evening,Januvary
808,559-61-5987,Morning,Januvary
809,189-55-2313,Morning,Januvary
810,565-91-4567,Noon,March
811,380-60-5336,Evening,Februvary
812,815-04-6282,Noon,Februvary
813,674-56-6360,Noon,March
814,778-34-2523,Morning,Januvary
815,499-27-7781,Evening,March
816,477-59-2456,Morning,Januvary
817,832-51-6761,Night,Januvary
818,869-11-3082,Night,Januvary
819,190-59-3964,Noon,Februvary
820,366-43-6862,Evening,March
821,186-43-8965,Morning,Februvary
822,784-21-9238,Noon,Februvary
823,276-75-6884,Morning,March
824,109-86-4363,Morning,Februvary
825,569-76-2760,Evening,Januvary
826,222-42-0244,Noon,Januvary
827,760-53-9233,Evening,March
828,538-22-0304,Evening,March
829,416-17-9926,Noon,Januvary
830,237-44-6163,Evening,Januvary
831,636-17-0325,Evening,Februvary
832,343-75-9322,Evening,Januvary
833,528-14-9470,Noon,Februvary
834,427-45-9297,Morning,March
835,807-34-3742,Night,March
836,288-62-1085,Noon,Januvary
837,670-71-7306,Night,Januvary
838,660-29-7083,Noon,Januvary
839,271-77-8740,Morning,Januvary
840,497-36-0989,Noon,Februvary
841,291-59-1384,Evening,Februvary
842,860-73-6466,Evening,March
843,549-23-9016,Evening,Februvary
844,896-34-0956,Noon,Januvary
845,804-38-3935,Morning,Januvary
846,585-90-0249,Evening,Januvary
847,862-29-5914,Evening,Januvary
848,845-94-6841,Night,Januvary
849,125-45-2293,Noon,Januvary
850,843-73-4724,Morning,Januvary
851,409-33-9708,Morning,Februvary
852,658-66-3967,Noon,Januvary
853,866-70-2814,Morning,Februvary
854,160-22-2687,Noon,Januvary
855,895-03-6665,Morning,Februvary
856,770-42-8960,Night,Januvary
857,748-45-2862,Evening,March
858,234-36-2483,Noon,Februvary
859,316-66-3011,Noon,Januvary
860,848-95-6252,Noon,Februvary
861,840-76-5966,Evening,Januvary
862,152-03-4217,Morning,March
863,533-66-5566,Morning,Januvary
864,124-31-1458,Noon,Januvary
865,176-78-1170,Noon,Januvary
866,361-59-0574,Noon,March
867,101-81-4070,Noon,Januvary
868,631-34-1880,Night,Januvary
869,852-82-2749,Noon,Januvary
870,873-14-6353,Morning,Februvary
871,584-66-4073,Noon,March
872,544-55-9589,Morning,Januvary
873,166-19-2553,Evening,Januvary
874,737-88-5876,Morning,March
875,154-87-7367,Noon,March
876,885-56-0389,Evening,Februvary
877,608-05-3804,Night,Februvary
878,448-61-3783,Evening,March
879,761-49-0439,Morning,Januvary
880,490-95-0021,Noon,Januvary
881,115-38-7388,Noon,March
882,311-13-6971,Noon,Februvary
883,291-55-6563,Noon,March
884,548-48-3156,Noon,March
885,460-93-5834,Morning,Januvary
886,325-89-4209,Night,Februvary
887,884-80-6021,Noon,March
888,137-74-8729,Noon,March
889,880-46-5796,Night,March
890,389-70-2397,Morning,Februvary
891,114-35-5271,Noon,Februvary
892,607-76-6216,Evening,March
893,715-20-1673,Night,March
894,811-35-1094,Noon,Februvary
895,699-88-1972,Evening,Januvary
896,781-84-8059,Evening,Januvary
897,409-49-6995,Morning,Februvary
898,725-54-0677,Noon,March
899,146-09-5432,Night,Februvary
900,377-79-7592,Noon,Januvary
901,509-10-0516,Noon,Februvary
902,595-94-9924,Night,March
903,865-41-9075,Evening,Januvary
904,545-07-8534,Noon,Februvary
905,118-62-1812,Evening,March
906,450-42-3339,Evening,Februvary
907,851-98-3555,Noon,March
908,186-71-5196,Evening,March
909,624-01-8356,Morning,Januvary
910,313-66-9943,Night,March
911,151-27-8496,Morning,Januvary
912,453-33-6436,Morning,Februvary
913,522-57-8364,Morning,Januvary
914,459-45-2396,Evening,Februvary
915,717-96-4189,Noon,Februvary
916,722-13-2115,Noon,March
917,749-81-8133,Noon,March
918,777-67-2495,Morning,Februvary
919,636-98-3364,Noon,March
920,246-55-6923,Noon,March
921,181-82-6255,Morning,Februvary
922,838-02-1821,Noon,Februvary
923,887-42-0517,Morning,Januvary
924,457-12-0244,Noon,March
925,226-34-0034,Morning,Januvary
926,321-49-7382,Evening,Februvary
927,397-25-8725,Evening,Januvary
928,431-66-2305,Night,Februvary
929,825-94-5922,Night,March
930,641-62-7288,Noon,March
931,756-93-1854,Noon,Februvary
932,243-55-8457,Morning,Februvary
933,458-10-8612,Noon,Januvary
934,501-61-1753,Night,Januvary
935,235-06-8510,Night,Januvary
936,433-08-7822,Night,Januvary
937,361-85-2571,Morning,March
938,131-70-8179,Evening,Februvary
939,500-02-2261,Evening,March
940,720-72-2436,Evening,March
941,702-83-5291,Morning,March
942,809-69-9497,Night,Januvary
943,449-16-6770,Noon,Februvary
944,333-23-2632,Night,March
945,489-82-1237,Morning,Januvary
946,859-97-6048,Noon,March
947,676-10-2200,Night,Februvary
948,373-88-1424,Evening,Februvary
949,365-16-4334,Noon,Februvary
950,503-21-4385,Noon,Februvary
951,305-89-2768,Evening,Januvary
952,574-80-1489,Noon,Februvary
953,784-08-0310,Noon,Januvary
954,200-40-6154,Morning,Februvary
955,846-10-0341,Morning,Januvary
956,577-34-7579,Evening,Januvary
957,430-02-3888,Noon,Februvary
958,867-47-1948,Noon,Januvary
959,384-59-6655,Noon,Februvary
960,256-58-3609,Noon,March
961,324-92-3863,Evening,Februvary
962,593-08-5916,Noon,March
963,364-34-2972,Night,March
964,794-42-3736,Noon,Januvary
965,172-42-8274,Evening,March
966,558-60-5016,Noon,March
967,195-06-0432,Noon,Januvary
968,605-03-2706,Evening,March
969,214-30-2776,Night,March
970,746-04-1077,Morning,Januvary
971,448-34-8700,Noon,Februvary
972,452-04-8808,Noon,Januvary
973,531-56-4728,Noon,Februvary
974,744-82-9138,Evening,Februvary
975,883-69-1285,Morning,March
976,221-25-5073,Morning,March
977,518-71-6847,Noon,Februvary
978,156-20-0370,Evening,March
979,151-33-7434,Night,Februvary
980,728-47-9078,Noon,Januvary
981,809-46-1866,Evening,Januvary
982,139-32-4183,Noon,March
983,148-41-7930,Morning,Januvary
984,189-40-5216,Morning,Januvary
985,374-38-5555,Night,Februvary
986,764-44-8999,Noon,Februvary
987,552-44-5977,Night,Januvary
988,267-62-7380,Night,March
989,430-53-4718,Noon,Januvary
990,886-18-2897,Night,March
991,602-16-6955,Evening,Januvary
992,745-74-0715,Night,March
993,690-01-6631,Evening,Februvary
994,652-49-6720,Morning,Februvary
995,233-67-5758,Noon,Januvary
996,303-96-2227,Evening,March
997,727-02-1313,Noon,Februvary
998,347-56-2442,Noon,Februvary
999,849-09-3807,Noon,Februvary
